file	label
7263.png	Bananas, apples & pears
7264.png	Bananas, apples & pears
7265.png	Bananas, apples & pears
7266.png	Bananas, apples & pears
7267.png	Bananas, apples & pears
7268.png	Bananas, apples & pears
7269.png	Bananas, apples & pears
7270.png	Bananas, apples & pears
7271.png	Bananas, apples & pears
7272.png	Bananas, apples & pears
7273.png	Bananas, apples & pears
7274.png	Bananas, apples & pears
7275.png	Bananas, apples & pears
7276.png	Bananas, apples & pears
7277.png	Bananas, apples & pears
7278.png	Bananas, apples & pears
7279.png	Bananas, apples & pears
7280.png	Bananas, apples & pears
7281.png	Bananas, apples & pears
7282.png	Bananas, apples & pears
7283.png	Bananas, apples & pears
7284.png	Bananas, apples & pears
7285.png	Bananas, apples & pears
7286.png	Bananas, apples & pears
7287.png	Bananas, apples & pears
7288.png	Bananas, apples & pears
7289.png	Bananas, apples & pears
7290.png	Bananas, apples & pears
7291.png	Bananas, apples & pears
7292.png	Bananas, apples & pears
7293.png	Bananas, apples & pears
7294.png	Bananas, apples & pears
7295.png	Bananas, apples & pears
7296.png	Bananas, apples & pears
7297.png	Bananas, apples & pears
7298.png	Bananas, apples & pears
7299.png	Bananas, apples & pears
7300.png	Bananas, apples & pears
7301.png	Bananas, apples & pears
7302.png	Bananas, apples & pears
7303.png	Bananas, apples & pears
7304.png	Bananas, apples & pears
7305.png	Bananas, apples & pears
7306.png	Bananas, apples & pears
7307.png	Bananas, apples & pears
7308.png	Bananas, apples & pears
7309.png	Bananas, apples & pears
7310.png	Bananas, apples & pears
7311.png	Bananas, apples & pears
7312.png	Bananas, apples & pears
7313.png	Bananas, apples & pears
7314.png	Bananas, apples & pears
7315.png	Bananas, apples & pears
7316.png	Bananas, apples & pears
7317.png	Bananas, apples & pears
7318.png	Bananas, apples & pears
7319.png	Bananas, apples & pears
7320.png	Bananas, apples & pears
7321.png	Bananas, apples & pears
7322.png	Bananas, apples & pears
7323.png	Bananas, apples & pears
7324.png	Bananas, apples & pears
7325.png	Bananas, apples & pears
7326.png	Bananas, apples & pears
7327.png	Bananas, apples & pears
7328.png	Bananas, apples & pears
7329.png	Bananas, apples & pears
7330.png	Bananas, apples & pears
7331.png	Bananas, apples & pears
7332.png	Bananas, apples & pears
7333.png	Bananas, apples & pears
7334.png	Bananas, apples & pears
7335.png	Bananas, apples & pears
7336.png	Bananas, apples & pears
7337.png	Bananas, apples & pears
7338.png	Bananas, apples & pears
7339.png	Bananas, apples & pears
7340.png	Bananas, apples & pears
7341.png	Bananas, apples & pears
7342.png	Bananas, apples & pears
7343.png	Bananas, apples & pears
7344.png	Bananas, apples & pears
7345.png	Bananas, apples & pears
7346.png	Bananas, apples & pears
7347.png	Bananas, apples & pears
7348.png	Bananas, apples & pears
7349.png	Bananas, apples & pears
7350.png	Bananas, apples & pears
7351.png	Bananas, apples & pears
7352.png	Bananas, apples & pears
7353.png	Bananas, apples & pears
7354.png	Bananas, apples & pears
7355.png	Bananas, apples & pears
7356.png	Bananas, apples & pears
7357.png	Bananas, apples & pears
7358.png	Bananas, apples & pears
7359.png	Bananas, apples & pears
7360.png	Bananas, apples & pears
7361.png	Bananas, apples & pears
7362.png	Bananas, apples & pears
7363.png	Bananas, apples & pears
7364.png	Bananas, apples & pears
7365.png	Bananas, apples & pears
7366.png	Bananas, apples & pears
7367.png	Bananas, apples & pears
7368.png	Bananas, apples & pears
7369.png	Bananas, apples & pears
7370.png	Bananas, apples & pears
7371.png	Bananas, apples & pears
7372.png	Bananas, apples & pears
7373.png	Bananas, apples & pears
7374.png	Bananas, apples & pears
7375.png	Bananas, apples & pears
7376.png	Bananas, apples & pears
7377.png	Bananas, apples & pears
7378.png	Bananas, apples & pears
7379.png	Bananas, apples & pears
7380.png	Bananas, apples & pears
7381.png	Bananas, apples & pears
7382.png	Bananas, apples & pears
7383.png	Bananas, apples & pears
7384.png	Bananas, apples & pears
7385.png	Bananas, apples & pears
7386.png	Bananas, apples & pears
7387.png	Bananas, apples & pears
7388.png	Bananas, apples & pears
7389.png	Bananas, apples & pears
7390.png	Bananas, apples & pears
7391.png	Bananas, apples & pears
7392.png	Bananas, apples & pears
7393.png	Bananas, apples & pears
7394.png	Bananas, apples & pears
7395.png	Bananas, apples & pears
7396.png	Bananas, apples & pears
7397.png	Bananas, apples & pears
7398.png	Bananas, apples & pears
7399.png	Bananas, apples & pears
7400.png	Bananas, apples & pears
7401.png	Bananas, apples & pears
7402.png	Bananas, apples & pears
7403.png	Bananas, apples & pears
7404.png	Bananas, apples & pears
7405.png	Bananas, apples & pears
7406.png	Bananas, apples & pears
7407.png	Bananas, apples & pears
7408.png	Bananas, apples & pears
7409.png	Bananas, apples & pears
7410.png	Bananas, apples & pears
7411.png	Bananas, apples & pears
7412.png	Bananas, apples & pears
7413.png	Bananas, apples & pears
7414.png	Bananas, apples & pears
7415.png	Bananas, apples & pears
7416.png	Bananas, apples & pears
7417.png	Bananas, apples & pears
7418.png	Bananas, apples & pears
7419.png	Bananas, apples & pears
7420.png	Bananas, apples & pears
7421.png	Bananas, apples & pears
7422.png	Bananas, apples & pears
7423.png	Bananas, apples & pears
7424.png	Bananas, apples & pears
7425.png	Bananas, apples & pears
7426.png	Bananas, apples & pears
7427.png	Bananas, apples & pears
7428.png	Bananas, apples & pears
7429.png	Bananas, apples & pears
7430.png	Bananas, apples & pears
7431.png	Bananas, apples & pears
7432.png	Bananas, apples & pears
7433.png	Bananas, apples & pears
7434.png	Bananas, apples & pears
7435.png	Bananas, apples & pears
7436.png	Bananas, apples & pears
7437.png	Bananas, apples & pears
7438.png	Bananas, apples & pears
7439.png	Bananas, apples & pears
7440.png	Bananas, apples & pears
7441.png	Bananas, apples & pears
7442.png	Bananas, apples & pears
7443.png	Bananas, apples & pears
7444.png	Bananas, apples & pears
7445.png	Bananas, apples & pears
7446.png	Bananas, apples & pears
7447.png	Bananas, apples & pears
7448.png	Bananas, apples & pears
7449.png	Bananas, apples & pears
7450.png	Bananas, apples & pears
7451.png	Bananas, apples & pears
7452.png	Bananas, apples & pears
7453.png	Bananas, apples & pears
7454.png	Bananas, apples & pears
7455.png	Bananas, apples & pears
7456.png	Bananas, apples & pears
7457.png	Bananas, apples & pears
7458.png	Bananas, apples & pears
7459.png	Bananas, apples & pears
7460.png	Bananas, apples & pears
7461.png	Bananas, apples & pears
7462.png	Bananas, apples & pears
7463.png	Bananas, apples & pears
7464.png	Bananas, apples & pears
7465.png	Bananas, apples & pears
7466.png	Bananas, apples & pears
7467.png	Bananas, apples & pears
7468.png	Bananas, apples & pears
7469.png	Bananas, apples & pears
7470.png	Bananas, apples & pears
7471.png	Bananas, apples & pears
7472.png	Bananas, apples & pears
7473.png	Bananas, apples & pears
7474.png	Bananas, apples & pears
7475.png	Bananas, apples & pears
7476.png	Bananas, apples & pears
7477.png	Bananas, apples & pears
7478.png	Bananas, apples & pears
7479.png	Bananas, apples & pears
7480.png	Bananas, apples & pears
7481.png	Bananas, apples & pears
7482.png	Bananas, apples & pears
7483.png	Bananas, apples & pears
7484.png	Bananas, apples & pears
7485.png	Bananas, apples & pears
7486.png	Bananas, apples & pears
7487.png	Bananas, apples & pears
7488.png	Bananas, apples & pears
7489.png	Bananas, apples & pears
7490.png	Bananas, apples & pears
7491.png	Bananas, apples & pears
7492.png	Bananas, apples & pears
7493.png	Bananas, apples & pears
7494.png	Bananas, apples & pears
7495.png	Bananas, apples & pears
7496.png	Bananas, apples & pears
7497.png	Bananas, apples & pears
7498.png	Bananas, apples & pears
7499.png	Bananas, apples & pears
7500.png	Bananas, apples & pears
7501.png	Bananas, apples & pears
7502.png	Bananas, apples & pears
7503.png	Bananas, apples & pears
7504.png	Bananas, apples & pears
7505.png	Bananas, apples & pears
7506.png	Bananas, apples & pears
7507.png	Bananas, apples & pears
7508.png	Bananas, apples & pears
7509.png	Bananas, apples & pears
7510.png	Bananas, apples & pears
7511.png	Bananas, apples & pears
7512.png	Bananas, apples & pears
7513.png	Bananas, apples & pears
7514.png	Bananas, apples & pears
7515.png	Bananas, apples & pears
7516.png	Bananas, apples & pears
7517.png	Bananas, apples & pears
7518.png	Bananas, apples & pears
7519.png	Bananas, apples & pears
7520.png	Bananas, apples & pears
7521.png	Bananas, apples & pears
7522.png	Bananas, apples & pears
7523.png	Bananas, apples & pears
7524.png	Bananas, apples & pears
7525.png	Bananas, apples & pears
7526.png	Bananas, apples & pears
7527.png	Bananas, apples & pears
7528.png	Bananas, apples & pears
7529.png	Bananas, apples & pears
7530.png	Bananas, apples & pears
7531.png	Bananas, apples & pears
7532.png	Bananas, apples & pears
7533.png	Bananas, apples & pears
7534.png	Bananas, apples & pears
7535.png	Bananas, apples & pears
7536.png	Bananas, apples & pears
7537.png	Bananas, apples & pears
7538.png	Bananas, apples & pears
7539.png	Bananas, apples & pears
7540.png	Bananas, apples & pears
7541.png	Bananas, apples & pears
7542.png	Bananas, apples & pears
7543.png	Bananas, apples & pears
7544.png	Bananas, apples & pears
7545.png	Bananas, apples & pears
7546.png	Bananas, apples & pears
7547.png	Bananas, apples & pears
7548.png	Bananas, apples & pears
7549.png	Bananas, apples & pears
7550.png	Bananas, apples & pears
7551.png	Bananas, apples & pears
7552.png	Bananas, apples & pears
7553.png	Bananas, apples & pears
7554.png	Bananas, apples & pears
7555.png	Bananas, apples & pears
7556.png	Bananas, apples & pears
7557.png	Bananas, apples & pears
7558.png	Bananas, apples & pears
7559.png	Bananas, apples & pears
7560.png	Bananas, apples & pears
7561.png	Bananas, apples & pears
7562.png	Bananas, apples & pears
7563.png	Bananas, apples & pears
7564.png	Bananas, apples & pears
7565.png	Bananas, apples & pears
7566.png	Bananas, apples & pears
7567.png	Bananas, apples & pears
7568.png	Bananas, apples & pears
7569.png	Bananas, apples & pears
7570.png	Bananas, apples & pears
7571.png	Bananas, apples & pears
7572.png	Bananas, apples & pears
7573.png	Bananas, apples & pears
7574.png	Bananas, apples & pears
7575.png	Bananas, apples & pears
7576.png	Bananas, apples & pears
7577.png	Bananas, apples & pears
7578.png	Bananas, apples & pears
7579.png	Bananas, apples & pears
7580.png	Bananas, apples & pears
7581.png	Bananas, apples & pears
7582.png	Bananas, apples & pears
7583.png	Bananas, apples & pears
7584.png	Bananas, apples & pears
7585.png	Bananas, apples & pears
7586.png	Bananas, apples & pears
7587.png	Bananas, apples & pears
7588.png	Bananas, apples & pears
7589.png	Bananas, apples & pears
7590.png	Bananas, apples & pears
7591.png	Bananas, apples & pears
7592.png	Bananas, apples & pears
7593.png	Bananas, apples & pears
7594.png	Bananas, apples & pears
7595.png	Bananas, apples & pears
7596.png	Bananas, apples & pears
7597.png	Bananas, apples & pears
7598.png	Bananas, apples & pears
7599.png	Bananas, apples & pears
7600.png	Bananas, apples & pears
7601.png	Bananas, apples & pears
7602.png	Bananas, apples & pears
7603.png	Bananas, apples & pears
7604.png	Bananas, apples & pears
7605.png	Bananas, apples & pears
7606.png	Bananas, apples & pears
7607.png	Bananas, apples & pears
7608.png	Bananas, apples & pears
7609.png	Bananas, apples & pears
7610.png	Bananas, apples & pears
7611.png	Bananas, apples & pears
7612.png	Bananas, apples & pears
7613.png	Bananas, apples & pears
7614.png	Bananas, apples & pears
7615.png	Bananas, apples & pears
7616.png	Bananas, apples & pears
7617.png	Bananas, apples & pears
7618.png	Bananas, apples & pears
7619.png	Bananas, apples & pears
7620.png	Bananas, apples & pears
7621.png	Bananas, apples & pears
7622.png	Bananas, apples & pears
7623.png	Bananas, apples & pears
7624.png	Bananas, apples & pears
7625.png	Bananas, apples & pears
7626.png	Bananas, apples & pears
7627.png	Bananas, apples & pears
7628.png	Bananas, apples & pears
7629.png	Bananas, apples & pears
7630.png	Bananas, apples & pears
7631.png	Bananas, apples & pears
7632.png	Bananas, apples & pears
7633.png	Bananas, apples & pears
7634.png	Bananas, apples & pears
7635.png	Bananas, apples & pears
7636.png	Bananas, apples & pears
7637.png	Bananas, apples & pears
7638.png	Bananas, apples & pears
7639.png	Bananas, apples & pears
7640.png	Bananas, apples & pears
7641.png	Bananas, apples & pears
7642.png	Bananas, apples & pears
7643.png	Bananas, apples & pears
7644.png	Bananas, apples & pears
7645.png	Bananas, apples & pears
7646.png	Bananas, apples & pears
7647.png	Bananas, apples & pears
7648.png	Bananas, apples & pears
7649.png	Bananas, apples & pears
7650.png	Bananas, apples & pears
7651.png	Bananas, apples & pears
7652.png	Bananas, apples & pears
7653.png	Bananas, apples & pears
7654.png	Bananas, apples & pears
7655.png	Bananas, apples & pears
7656.png	Bananas, apples & pears
7657.png	Bananas, apples & pears
7658.png	Bananas, apples & pears
7659.png	Bananas, apples & pears
7660.png	Bananas, apples & pears
7661.png	Bananas, apples & pears
7662.png	Bananas, apples & pears
7663.png	Bananas, apples & pears
7664.png	Bananas, apples & pears
7665.png	Bananas, apples & pears
7666.png	Bananas, apples & pears
7667.png	Bananas, apples & pears
7668.png	Bananas, apples & pears
7669.png	Bananas, apples & pears
7670.png	Bananas, apples & pears
7671.png	Bananas, apples & pears
7672.png	Bananas, apples & pears
7673.png	Bananas, apples & pears
7674.png	Bananas, apples & pears
7675.png	Bananas, apples & pears
7676.png	Bananas, apples & pears
7677.png	Bananas, apples & pears
7678.png	Bananas, apples & pears
7679.png	Bananas, apples & pears
7680.png	Bananas, apples & pears
7681.png	Bananas, apples & pears
7682.png	Bananas, apples & pears
7683.png	Bananas, apples & pears
7684.png	Bananas, apples & pears
7685.png	Bananas, apples & pears
7686.png	Bananas, apples & pears
7687.png	Bananas, apples & pears
7688.png	Bananas, apples & pears
7689.png	Bananas, apples & pears
7690.png	Bananas, apples & pears
7691.png	Bananas, apples & pears
7692.png	Bananas, apples & pears
7693.png	Bananas, apples & pears
7694.png	Bananas, apples & pears
7695.png	Bananas, apples & pears
7696.png	Bananas, apples & pears
7697.png	Bananas, apples & pears
7698.png	Bananas, apples & pears
7699.png	Bananas, apples & pears
7700.png	Bananas, apples & pears
7701.png	Bananas, apples & pears
7702.png	Bananas, apples & pears
7703.png	Bananas, apples & pears
7704.png	Bananas, apples & pears
7705.png	Bananas, apples & pears
7706.png	Bananas, apples & pears
7707.png	Bananas, apples & pears
7708.png	Bananas, apples & pears
7709.png	Bananas, apples & pears
7710.png	Bananas, apples & pears
7711.png	Bananas, apples & pears
7712.png	Bananas, apples & pears
7713.png	Bananas, apples & pears
7714.png	Bananas, apples & pears
7715.png	Bananas, apples & pears
7716.png	Bananas, apples & pears
7717.png	Bananas, apples & pears
7718.png	Bananas, apples & pears
7719.png	Bananas, apples & pears
7720.png	Bananas, apples & pears
7721.png	Bananas, apples & pears
7722.png	Bananas, apples & pears
7723.png	Bananas, apples & pears
7724.png	Bananas, apples & pears
7725.png	Bananas, apples & pears
7726.png	Bananas, apples & pears
7727.png	Bananas, apples & pears
7728.png	Bananas, apples & pears
7729.png	Bananas, apples & pears
7730.png	Bananas, apples & pears
7731.png	Bananas, apples & pears
7732.png	Bananas, apples & pears
7733.png	Bananas, apples & pears
7734.png	Bananas, apples & pears
7735.png	Bananas, apples & pears
7736.png	Bananas, apples & pears
7737.png	Bananas, apples & pears
7738.png	Bananas, apples & pears
7739.png	Bananas, apples & pears
7740.png	Bananas, apples & pears
7741.png	Bananas, apples & pears
7742.png	Bananas, apples & pears
7743.png	Bananas, apples & pears
7744.png	Bananas, apples & pears
7745.png	Bananas, apples & pears
7746.png	Bananas, apples & pears
7747.png	Bananas, apples & pears
7748.png	Bananas, apples & pears
7749.png	Bananas, apples & pears
7750.png	Bananas, apples & pears
7751.png	Bananas, apples & pears
7752.png	Bananas, apples & pears
7753.png	Bananas, apples & pears
7754.png	Bananas, apples & pears
7755.png	Bananas, apples & pears
7756.png	Bananas, apples & pears
7757.png	Bananas, apples & pears
7758.png	Bananas, apples & pears
7759.png	Bananas, apples & pears
7760.png	Bananas, apples & pears
7761.png	Bananas, apples & pears
7762.png	Bananas, apples & pears
7763.png	Bananas, apples & pears
7764.png	Bananas, apples & pears
7765.png	Bananas, apples & pears
7766.png	Bananas, apples & pears
7767.png	Bananas, apples & pears
7768.png	Eggs
7769.png	Eggs
7770.png	Eggs
7771.png	Eggs
7772.png	Eggs
7773.png	Eggs
7774.png	Eggs
7775.png	Eggs
7776.png	Eggs
7777.png	Eggs
7778.png	Eggs
7779.png	Eggs
7780.png	Eggs
7781.png	Eggs
7782.png	Eggs
7783.png	Eggs
7784.png	Eggs
7785.png	Eggs
7786.png	Eggs
7787.png	Eggs
7788.png	Eggs
7789.png	Eggs
7790.png	Eggs
7791.png	Eggs
7792.png	Eggs
7793.png	Eggs
7794.png	Eggs
7795.png	Eggs
7796.png	Eggs
7797.png	Eggs
7798.png	Eggs
7799.png	Eggs
7800.png	Eggs
7801.png	Eggs
7802.png	Eggs
7803.png	Eggs
7804.png	Eggs
7805.png	Eggs
7806.png	Eggs
7807.png	Eggs
7808.png	Eggs
7809.png	Eggs
7810.png	Eggs
7811.png	Eggs
7812.png	Eggs
7813.png	Eggs
7814.png	Eggs
7815.png	Eggs
7816.png	Eggs
7817.png	Eggs
7818.png	Eggs
7819.png	Eggs
7820.png	Eggs
7821.png	Eggs
7822.png	Eggs
7823.png	Eggs
7824.png	Eggs
7825.png	Eggs
7826.png	Eggs
7827.png	Eggs
7828.png	Eggs
7829.png	Eggs
7830.png	Eggs
7831.png	Eggs
7832.png	Eggs
7833.png	Eggs
7834.png	Eggs
7835.png	Eggs
7836.png	Eggs
7837.png	Eggs
7838.png	Eggs
7839.png	Eggs
7840.png	Eggs
7841.png	Eggs
7842.png	Eggs
7843.png	Eggs
7844.png	Eggs
7845.png	Eggs
7846.png	Eggs
7847.png	Eggs
7848.png	Eggs
7849.png	Eggs
7850.png	Eggs
7851.png	Eggs
7852.png	Eggs
7853.png	Eggs
7854.png	Eggs
7855.png	Eggs
7856.png	Eggs
7857.png	Eggs
7858.png	Eggs
7859.png	Eggs
7860.png	Eggs
7861.png	Eggs
7862.png	Eggs
7863.png	Eggs
7864.png	Eggs
7865.png	Eggs
7866.png	Eggs
7867.png	Eggs
7868.png	Eggs
7869.png	Eggs
7870.png	Eggs
7871.png	Eggs
7872.png	Eggs
7873.png	Eggs
7874.png	Eggs
7875.png	Eggs
7876.png	Eggs
7877.png	Eggs
7878.png	Eggs
7879.png	Eggs
7880.png	Eggs
7881.png	Eggs
7882.png	Eggs
7883.png	Eggs
7884.png	Eggs
7885.png	Eggs
7886.png	Eggs
7887.png	Eggs
7888.png	Eggs
7889.png	Eggs
7890.png	Eggs
7891.png	Eggs
7892.png	Eggs
7893.png	Eggs
7894.png	Eggs
7895.png	Eggs
7896.png	Eggs
7897.png	Eggs
7898.png	Eggs
7899.png	Eggs
7900.png	Eggs
7901.png	Eggs
7902.png	Eggs
7903.png	Eggs
7904.png	Eggs
7905.png	Eggs
7906.png	Eggs
7907.png	Eggs
7908.png	Eggs
7909.png	Eggs
7910.png	Eggs
7911.png	Eggs
7912.png	Eggs
7913.png	Eggs
7914.png	Eggs
7915.png	Eggs
7916.png	Eggs
7917.png	Eggs
7918.png	Eggs
7919.png	Eggs
7920.png	Eggs
7921.png	Eggs
7922.png	Eggs
7923.png	Eggs
7924.png	Eggs
7925.png	Eggs
7926.png	Eggs
7927.png	Eggs
7928.png	Eggs
7929.png	Eggs
7930.png	Eggs
7931.png	Eggs
7932.png	Eggs
7933.png	Eggs
7934.png	Eggs
7935.png	Eggs
7936.png	Eggs
7937.png	Eggs
7938.png	Eggs
7939.png	Eggs
7940.png	Eggs
7941.png	Eggs
7942.png	Eggs
7943.png	Eggs
7944.png	Eggs
7945.png	Eggs
7946.png	Eggs
7947.png	Eggs
7948.png	Eggs
7949.png	Eggs
7950.png	Eggs
7951.png	Eggs
7952.png	Eggs
7953.png	Eggs
7954.png	Eggs
7955.png	Eggs
7956.png	Eggs
7957.png	Eggs
7958.png	Eggs
7959.png	Eggs
7960.png	Eggs
7961.png	Eggs
7962.png	Eggs
7963.png	Eggs
7964.png	Eggs
7965.png	Eggs
7966.png	Eggs
7967.png	Eggs
7968.png	Eggs
7969.png	Eggs
7970.png	Eggs
7971.png	Eggs
7972.png	Eggs
7973.png	Eggs
7974.png	Eggs
7975.png	Eggs
7976.png	Eggs
7977.png	Eggs
7978.png	Eggs
7979.png	Eggs
7980.png	Eggs
7981.png	Eggs
7982.png	Eggs
7983.png	Eggs
7984.png	Eggs
7985.png	Eggs
7986.png	Eggs
7987.png	Eggs
7988.png	Eggs
7989.png	Eggs
7990.png	Eggs
7991.png	Eggs
7992.png	Eggs
7993.png	Eggs
7994.png	Eggs
7995.png	Eggs
7996.png	Eggs
7997.png	Eggs
7998.png	Eggs
7999.png	Eggs
8000.png	Eggs
8001.png	Eggs
8002.png	Eggs
8003.png	Eggs
8004.png	Eggs
8005.png	Eggs
8006.png	Eggs
8007.png	Eggs
8008.png	Eggs
8009.png	Eggs
8010.png	Eggs
8011.png	Eggs
8012.png	Eggs
8013.png	Eggs
8014.png	Eggs
8015.png	Eggs
8016.png	Eggs
8017.png	Eggs
8018.png	Eggs
8019.png	Eggs
8020.png	Eggs
8021.png	Eggs
8022.png	Eggs
8023.png	Eggs
8024.png	Eggs
8025.png	Eggs
8026.png	Eggs
8027.png	Eggs
8028.png	Eggs
8029.png	Eggs
8030.png	Eggs
8031.png	Eggs
8032.png	Eggs
8033.png	Eggs
8034.png	Eggs
8035.png	Eggs
8036.png	Eggs
8037.png	Eggs
8038.png	Eggs
8039.png	Eggs
8040.png	Eggs
8041.png	Eggs
8042.png	Eggs
8043.png	Eggs
8044.png	Eggs
8045.png	Eggs
8046.png	Eggs
8047.png	Eggs
8048.png	Eggs
8049.png	Eggs
8050.png	Eggs
8051.png	Eggs
8052.png	Eggs
8053.png	Eggs
8054.png	Eggs
8055.png	Eggs
8056.png	Eggs
8057.png	Eggs
8058.png	Eggs
8059.png	Eggs
8060.png	Eggs
8061.png	Eggs
8062.png	Eggs
8063.png	Eggs
8064.png	Eggs
8065.png	Eggs
8066.png	Eggs
8067.png	Eggs
8068.png	Eggs
8069.png	Eggs
8070.png	Eggs
8071.png	Eggs
8072.png	Eggs
8073.png	Eggs
8074.png	Eggs
8075.png	Eggs
8076.png	Eggs
8077.png	Eggs
8078.png	Eggs
8079.png	Eggs
8080.png	Eggs
8081.png	Eggs
8082.png	Eggs